City_ID,City,Country,Lat,Lng,Max Temp,Humidity,Cloudiness,Wind Speed,Current Description
0,Aklavik,CA,68.2191,-135.0107,-13.0,77,100,8.05,overcast clouds
1,Singleton,AU,-32.5667,151.1833,64.33,58,97,7.27,overcast clouds
2,Manavālakurichi,IN,8.1333,77.3,77.32,74,100,12.33,overcast clouds
3,Ust-Kuyga,RU,70.0167,135.6,-46.41,100,67,1.7,broken clouds
4,Batticaloa,LK,7.7102,81.6924,76.64,77,100,4.97,overcast clouds
5,Sevsk,RU,52.1491,34.4926,32.83,99,100,4.47,overcast clouds
6,Saint Paul Harbor,US,57.79,-152.4072,29.71,40,0,11.5,clear sky
7,Dawson Creek,CA,55.7666,-120.2362,28.04,54,0,6.91,clear sky
8,Clyde River,CA,70.4692,-68.5914,3.43,85,100,13.8,light snow
9,Rikitea,PF,-23.1203,-134.9692,76.37,78,13,16.53,few clouds
10,Busselton,AU,-33.65,115.3333,53.26,75,50,6.76,scattered clouds
11,Timmins,CA,48.4669,-81.3331,6.62,78,20,5.75,few clouds
12,Hilo,US,19.7297,-155.09,78.53,69,75,5.01,broken clouds
13,Grindavik,IS,63.8424,-22.4338,32.47,69,2,13.8,clear sky
14,Provideniya,RU,64.3833,-173.3,21.87,85,92,8.21,overcast clouds
15,Ribeira Grande,PT,38.5167,-28.7,62.78,95,100,34.0,moderate rain
16,Sitka,US,57.0531,-135.33,37.29,75,75,4.61,light rain
17,Wanxian,CN,30.8039,108.3897,50.52,74,88,1.36,overcast clouds
18,Coquimbo,CL,-29.9533,-71.3436,65.93,88,75,11.5,broken clouds
19,Leeds,US,33.5482,-86.5444,73.35,88,100,11.5,overcast clouds
20,Barrow,US,71.2906,-156.7887,10.42,85,100,12.66,overcast clouds
21,Evensk,RU,61.95,159.2333,3.92,89,100,9.15,overcast clouds
22,Huarmey,PE,-10.0681,-78.1522,69.73,78,48,9.19,scattered clouds
23,Te Anau,NZ,-45.4167,167.7167,60.49,63,76,3.02,broken clouds
24,Praia da Vitória,PT,38.7333,-27.0667,60.76,94,75,29.62,moderate rain
25,Puerto El Triunfo,SV,13.2833,-88.55,81.52,63,2,6.26,clear sky
26,Ushuaia,AR,-54.8,-68.3,49.66,57,40,19.57,scattered clouds
27,Kavieng,PG,-2.5744,150.7967,82.98,74,100,8.99,overcast clouds
28,Pevek,RU,69.7008,170.3133,6.28,95,100,10.0,light snow
29,Tessalit,ML,20.1986,1.0114,72.63,15,0,9.31,clear sky
30,Cherskiy,RU,68.75,161.3,-19.82,99,100,4.03,overcast clouds
31,Chokurdakh,RU,70.6333,147.9167,-14.57,97,100,7.92,overcast clouds
32,Chui,UY,-33.6971,-53.4616,80.78,55,11,14.25,few clouds
33,Ust'-Kulom,RU,61.6864,53.6902,3.7,100,100,0.94,overcast clouds
34,Albany,AU,-35.0169,117.8917,59.02,57,100,7.72,overcast clouds
35,Meadow Lake,CA,54.1335,-108.4347,10.38,79,75,0.0,broken clouds
36,Natal,BR,-5.795,-35.2094,81.25,78,20,10.36,few clouds
37,Srednekolymsk,RU,67.45,153.6833,-41.13,97,95,8.68,overcast clouds
38,Hasaki,JP,35.7333,140.8333,36.0,76,99,7.96,overcast clouds
39,Cidreira,BR,-30.1811,-50.2056,73.02,88,0,14.05,clear sky
40,Vaini,TO,-21.2,-175.2,77.16,94,75,4.61,moderate rain
41,Cochabamba,BO,-17.3895,-66.1568,78.55,34,75,4.61,broken clouds
42,East London,ZA,-33.0153,27.9116,72.99,91,30,8.68,scattered clouds
43,Killybegs,IE,54.6333,-8.45,40.89,70,75,7.96,broken clouds
44,Mikhaylovskoye,RU,51.8239,79.7172,-8.21,97,12,6.98,few clouds
45,Souillac,MU,-20.5167,57.5167,77.38,83,75,6.91,light rain
46,Isangel,VU,-19.55,169.2667,86.11,74,75,0.0,broken clouds
47,Hamilton,BM,32.2915,-64.778,64.44,74,75,17.27,broken clouds
48,Adré,TD,13.4667,22.2,66.47,14,14,13.69,few clouds
49,Kroya,ID,-7.6331,109.2461,77.56,82,75,3.49,broken clouds
50,Tasiilaq,GL,65.6145,-37.6368,24.96,60,13,7.45,few clouds
51,Dikson,RU,73.5069,80.5464,-0.83,98,100,10.4,overcast clouds
52,Port Alfred,ZA,-33.5906,26.891,70.18,87,98,1.99,overcast clouds
53,Bredasdorp,ZA,-34.5322,20.0403,67.1,74,1,4.85,clear sky
54,Komsomolsk-on-Amur,RU,50.552,137.0152,1.31,98,100,0.2,overcast clouds
55,Tiksi,RU,71.6872,128.8694,-28.41,100,100,2.73,overcast clouds
56,Anadyr,RU,64.75,177.4833,5.5,71,0,8.95,clear sky
57,Chara,RU,56.9064,118.2631,-4.49,93,100,1.39,overcast clouds
58,Geraldton,CA,49.7267,-86.9484,15.33,95,100,6.4,overcast clouds
59,Mossamedes,AO,-15.1961,12.1522,69.78,67,33,9.31,scattered clouds
60,Ilulissat,GL,69.2167,-51.1,37.42,48,75,19.57,broken clouds
61,Guerrero Negro,MX,27.9769,-114.0611,65.19,53,1,17.49,clear sky
62,Grand-Santi,GF,4.25,-54.3833,77.02,83,100,3.15,overcast clouds
63,Puerto Ayora,EC,-0.7393,-90.3518,78.76,90,54,4.0,broken clouds
64,Dodola,ET,6.9833,39.1833,51.22,71,27,3.38,scattered clouds
65,Castro,CL,-42.4721,-73.7732,63.88,51,20,11.5,few clouds
66,Qaanaaq,GL,77.484,-69.3632,6.53,78,100,3.65,overcast clouds
67,Yar-Sale,RU,66.8333,70.8333,-0.56,95,98,14.16,overcast clouds
68,Hobart,AU,-42.8794,147.3294,59.25,72,40,6.91,scattered clouds
69,Hwange,ZW,-18.3693,26.5019,70.25,87,99,1.59,light rain
70,Kalemie,CD,-5.9475,29.1947,67.66,92,86,8.34,overcast clouds
71,Lebu,CL,-37.6167,-73.65,63.05,73,96,8.03,overcast clouds
72,Georgetown,SH,-7.9333,-14.4167,76.37,82,80,15.48,broken clouds
73,Thompson,CA,55.7435,-97.8558,12.36,85,100,9.22,light snow
74,Ahipara,NZ,-35.1667,173.1667,66.07,94,100,5.93,overcast clouds
75,Arlit,NE,18.7369,7.3853,71.1,15,0,8.55,clear sky
76,Torbay,CA,47.6666,-52.7314,38.75,97,100,13.8,fog
77,Port Elizabeth,ZA,-33.918,25.5701,71.1,78,100,5.01,overcast clouds
78,New Norfolk,AU,-42.7826,147.0587,58.91,61,94,1.9,light rain
79,Athani,IN,16.7333,75.0667,67.01,41,100,8.16,overcast clouds
80,Pechenga,RU,69.5259,31.1703,10.36,85,30,7.38,scattered clouds
81,Gamba,GA,-2.65,10.0,77.61,87,100,5.35,overcast clouds
82,Campbell River,CA,50.0163,-125.2446,41.45,100,100,11.5,mist
83,Sarankhola,BD,22.3082,89.7897,61.79,69,82,4.61,broken clouds
84,Butaritari,KI,3.0707,172.7902,82.04,76,32,17.25,scattered clouds
85,Kavaratti,IN,10.5669,72.642,81.14,68,97,13.44,overcast clouds
86,Berdigestyakh,RU,62.0989,126.6992,-20.18,98,100,4.03,overcast clouds
87,Severo-Kuril'sk,RU,50.6789,156.125,27.66,63,98,18.77,overcast clouds
88,Khatanga,RU,71.9667,102.5,-24.66,100,100,0.89,overcast clouds
89,Moses Lake,US,47.1301,-119.2781,26.96,93,100,4.61,mist
90,Daru,PG,-9.0763,143.2092,78.42,86,100,3.4,overcast clouds
91,San Patricio,MX,19.2167,-104.7,84.31,74,40,11.5,scattered clouds
92,Montes Claros,BR,-16.735,-43.8617,74.98,78,20,8.05,few clouds
93,Kudahuvadhoo,MV,2.6708,72.8944,81.03,81,96,18.05,light rain
94,Varzelândia,BR,-15.7014,-44.0275,69.35,91,7,4.88,light rain
95,Lompoc,US,34.6391,-120.4579,67.69,70,0,12.66,clear sky
96,Kapaa,US,22.0752,-159.319,80.92,65,100,17.27,overcast clouds
97,Nuuk,GL,64.1835,-51.7216,39.81,48,40,34.52,scattered clouds
98,Saryozek,KZ,44.3583,77.9753,-2.56,89,36,4.9,scattered clouds
99,Tuktoyaktuk,CA,69.4541,-133.0374,-13.0,70,100,12.66,overcast clouds
100,Hirara,JP,24.8,125.2833,71.87,83,40,18.41,scattered clouds
101,Burgeo,CA,47.6167,-57.6152,38.52,87,100,12.55,overcast clouds
102,Jamestown,SH,-15.9387,-5.7168,65.82,80,86,15.57,overcast clouds
103,Tura,RU,64.2833,100.25,-7.87,99,99,2.21,overcast clouds
104,Saldanha,ZA,-33.0117,17.9442,66.25,89,4,2.42,clear sky
105,Kabwe,ZM,-14.4469,28.4464,64.2,95,100,2.17,overcast clouds
106,Kruisfontein,ZA,-34.0033,24.7314,68.88,65,100,13.06,overcast clouds
107,Taltal,CL,-25.4,-70.4833,67.37,74,68,2.71,broken clouds
108,Svetlogorsk,RU,54.9399,20.1548,24.4,96,32,9.24,scattered clouds
109,Longyearbyen,SJ,78.2186,15.6401,19.24,86,75,12.66,broken clouds
110,Cabo San Lucas,MX,22.8909,-109.9124,83.5,57,0,5.75,clear sky
111,Bethel,US,41.3712,-73.414,40.46,62,0,4.61,clear sky
112,Rupert,US,42.6191,-113.6772,33.75,64,0,8.05,clear sky
113,Dingle,IE,52.1408,-10.2689,40.19,68,52,3.36,broken clouds
114,Touros,BR,-5.1989,-35.4608,79.21,79,83,11.72,broken clouds
115,Hastings,NZ,-39.6381,176.8492,68.92,82,100,7.76,overcast clouds
116,Rio Grande,BR,-32.035,-52.0986,82.51,75,0,14.36,clear sky
117,Namatanai,PG,-3.6667,152.4333,81.7,76,76,4.05,broken clouds
118,Bluff,NZ,-46.6,168.3333,63.81,83,99,3.09,overcast clouds
119,Atuona,PF,-9.8,-139.0333,77.16,71,26,7.25,scattered clouds
120,Smithers,CA,54.7804,-127.1743,23.32,80,100,4.61,light snow
121,Lagoa,PT,39.05,-27.9833,60.57,89,100,37.54,light rain
122,Mar del Plata,AR,-38.0023,-57.5575,72.09,70,0,18.41,light rain
123,Glens Falls,US,43.3095,-73.644,32.88,62,0,10.36,clear sky
124,Mayo,CA,63.5927,-135.8998,6.8,78,100,5.75,light snow
125,Boyolangu,ID,-8.1181,111.8935,73.96,90,51,0.69,broken clouds
126,Tire,TR,38.0888,27.7351,52.54,85,45,3.36,scattered clouds
127,Koulikoro,ML,14.0,-7.75,77.34,18,0,8.63,clear sky
128,Hermanus,ZA,-34.4187,19.2345,67.8,79,0,5.61,clear sky
129,Jacmel,HT,18.2342,-72.5347,78.64,71,39,2.48,scattered clouds
130,Punta Arenas,CL,-53.15,-70.9167,55.51,47,40,27.63,scattered clouds
131,Palmas,BR,-10.2128,-48.3603,76.87,94,75,5.75,broken clouds
132,Tuatapere,NZ,-46.1333,167.6833,64.24,62,76,0.74,broken clouds
133,Komsomol'skiy,RU,43.9783,46.6985,43.7,72,99,17.72,overcast clouds
134,Lábrea,BR,-7.2586,-64.7981,81.19,76,99,1.12,overcast clouds
135,Mehamn,NO,71.0357,27.8492,17.55,86,0,4.61,light snow
136,Yellowknife,CA,62.456,-114.3525,0.12,78,100,5.75,light snow
137,Cape Town,ZA,-33.9258,18.4232,68.41,85,20,4.61,few clouds
138,Yilan,CN,46.3167,129.5667,5.67,91,29,9.95,scattered clouds
139,Norman Wells,CA,65.282,-126.8329,-12.96,77,100,0.0,light snow
140,Batagay-Alyta,RU,67.8006,130.4114,-28.97,100,100,2.13,overcast clouds
141,Bella Vista,PY,-22.1333,-56.5167,82.51,64,71,4.41,heavy intensity rain
142,San Cristobal,EC,-0.9045,-89.6174,75.31,88,20,6.91,few clouds
143,Bengkulu,ID,-3.8004,102.2655,73.96,88,100,3.18,overcast clouds
144,Naze,JP,28.3667,129.4833,67.12,78,100,17.13,overcast clouds
145,Wuwei,CN,37.9281,102.6414,19.31,66,96,3.49,overcast clouds
146,Eyl,SO,7.9803,49.8164,75.9,71,100,16.44,overcast clouds
147,Shingū,JP,33.7333,135.9833,48.58,64,100,5.41,overcast clouds
148,Saskylakh,RU,71.9167,114.0833,-17.9,96,100,4.76,overcast clouds
149,Carnarvon,AU,-24.8667,113.6333,65.82,68,0,17.78,clear sky
150,Alice Springs,AU,-23.7,133.8833,85.55,16,1,4.61,clear sky
151,Constantine,DZ,36.365,6.6147,62.01,63,75,11.5,broken clouds
152,Mahébourg,MU,-20.4081,57.7,77.29,83,75,6.91,light rain
153,Aripuanã,BR,-9.1667,-60.6333,80.2,72,99,2.53,overcast clouds
154,Sterling,US,39.0062,-77.4286,45.72,60,20,3.44,few clouds
155,Manaure,CO,11.7751,-72.4445,80.19,71,91,14.63,overcast clouds
156,Faanui,PF,-16.4833,-151.75,79.99,74,60,7.96,broken clouds
157,Boulder City,US,35.9786,-114.8325,55.78,33,0,0.0,clear sky
158,Poronaysk,RU,49.2167,143.1167,3.6,96,92,3.87,overcast clouds
159,Sena Madureira,BR,-9.0656,-68.6569,79.81,75,82,2.73,broken clouds
160,Hithadhoo,MV,-0.6,73.0833,81.81,76,100,16.26,overcast clouds
161,Nome,US,64.5011,-165.4064,20.16,96,100,1.14,overcast clouds
162,Poddor'ye,RU,57.4695,31.1156,26.44,96,100,1.25,overcast clouds
163,Olafsvik,IS,64.8945,-23.7142,33.94,73,55,15.9,broken clouds
164,Chongwe,ZM,-15.3292,28.682,64.9,94,100,1.81,light rain
165,Departamento de Maldonado,UY,-34.6667,-54.9167,83.23,45,22,4.94,few clouds
166,Weligama,LK,5.9667,80.4167,76.82,89,100,11.95,moderate rain
167,Mandera,KE,3.9366,41.867,85.41,43,96,13.11,overcast clouds
168,Shelburne,CA,44.0787,-80.2041,27.75,89,4,9.42,clear sky
169,Uyemskiy,RU,64.4743,40.8524,19.45,92,100,8.95,overcast clouds
170,Antofagasta,CL,-23.65,-70.4,69.08,67,55,4.41,broken clouds
171,Richards Bay,ZA,-28.783,32.0377,73.02,91,11,8.68,few clouds
172,Hurricane,US,37.1753,-113.2899,53.94,32,0,1.48,clear sky
173,Otane,NZ,-39.8833,176.6333,68.02,68,100,8.03,light rain
174,Najrān,SA,17.4924,44.1277,61.45,40,12,1.9,few clouds
175,Taree,AU,-31.9,152.4667,65.07,75,100,1.28,overcast clouds
176,Bambous Virieux,MU,-20.3428,57.7575,77.25,83,75,6.91,light rain
177,Uchiza,PE,-8.4592,-76.4633,80.91,75,86,1.25,overcast clouds
178,Isiro,CD,2.7739,27.616,65.35,96,100,2.64,overcast clouds
179,Chifeng,CN,42.2683,118.9636,16.59,43,67,11.07,broken clouds
180,Portland,AU,-38.3333,141.6,56.35,63,2,9.89,clear sky
181,Fortuna,US,40.5982,-124.1573,50.34,59,75,26.46,broken clouds
182,Lázaro Cárdenas,MX,17.9583,-102.2,82.53,68,4,9.35,clear sky
183,Brae,GB,60.3964,-1.353,39.45,63,96,13.69,overcast clouds
184,Quatre Cocos,MU,-20.2078,57.7625,77.11,83,41,9.31,light rain
185,Jimo,CN,36.3897,120.4622,35.38,87,75,2.24,mist
186,Asamankese,GH,5.8601,-0.6635,75.97,85,5,3.4,clear sky
187,Rønne,DK,55.1009,14.7066,33.71,64,75,4.61,broken clouds
188,Nyurba,RU,63.2842,118.3319,-14.39,99,100,2.93,overcast clouds
189,Ust-Tsilma,RU,65.441,52.1498,-10.79,99,100,2.35,overcast clouds
190,Ixtapa,MX,20.7,-105.2,81.23,74,0,10.36,clear sky
191,Safranbolu,TR,41.2508,32.6942,46.56,79,98,2.51,overcast clouds
192,Saint-Pierre,PM,46.7654,-56.1695,37.36,93,100,18.41,overcast clouds
193,Nanortalik,GL,60.1432,-45.2371,22.8,81,2,6.78,clear sky
194,Beira,MZ,-19.8436,34.8389,78.89,89,40,4.61,scattered clouds
195,Upernavik,GL,72.7868,-56.1549,34.72,72,100,31.03,overcast clouds
196,Hofn,IS,64.2539,-15.2082,34.41,66,16,19.98,few clouds
197,Seoul,KR,37.5683,126.9778,31.44,93,40,1.14,scattered clouds
198,São Filipe,CV,14.8961,-24.4956,76.86,75,4,4.88,clear sky
199,Pandan,PH,14.0453,124.1694,77.83,88,100,3.91,moderate rain
200,Victoria,SC,-4.6167,55.45,78.06,78,20,2.3,few clouds
201,Esperance,AU,-33.8667,121.9,61.81,76,6,8.66,clear sky
202,Puerto Cabezas,NI,14.0351,-83.3888,80.56,83,75,4.61,broken clouds
203,Takhtamygda,RU,54.1,123.5667,-6.11,99,100,0.65,overcast clouds
204,Samarai,PG,-10.6167,150.6667,82.51,77,100,2.57,overcast clouds
205,Rocha,UY,-34.4833,-54.3333,90.25,31,7,11.68,clear sky
206,Itarema,BR,-2.9248,-39.9167,79.54,79,76,14.61,broken clouds
207,Alofi,NU,-19.0595,-169.9187,80.49,83,75,5.75,light rain
208,Olathe,US,38.8814,-94.8191,37.31,83,100,3.44,overcast clouds
209,The Valley,AI,18.217,-63.0578,78.66,69,20,2.3,few clouds
210,Akhtanizovskaya,RU,45.32,37.1,54.07,88,89,10.94,overcast clouds
211,Porto Walter,BR,-8.2686,-72.7439,78.24,83,93,4.09,moderate rain
212,Bela,PK,26.2271,66.3111,71.24,49,0,1.45,clear sky
213,Gambo,CA,48.7832,-54.2148,33.66,84,95,4.36,overcast clouds
214,Olenegorsk,RU,68.15,33.3,15.06,87,100,10.85,overcast clouds
215,Martaban,MM,16.5314,97.6111,74.32,90,1,3.4,clear sky
216,Plastun,RU,44.7561,136.2939,16.63,81,4,7.52,clear sky
217,Piracuruca,BR,-3.9281,-41.7092,84.54,57,83,10.89,broken clouds
218,Arroyo,US,41.3909,-78.8803,36.14,72,2,5.37,clear sky
219,Xudat,AZ,41.631,48.681,40.42,79,77,5.97,broken clouds
220,Komsomolets,KZ,53.7453,62.0708,-0.54,82,37,6.93,scattered clouds
221,Kaitangata,NZ,-46.2817,169.8464,65.41,62,70,3.74,broken clouds
222,Bonaventure,CA,48.0457,-65.4926,30.74,59,0,4.61,clear sky
223,Mwingi,KE,-0.9344,38.0601,63.66,95,100,2.24,overcast clouds
224,Bucerías,MX,20.75,-105.3333,81.99,74,0,10.36,clear sky
225,Avarua,CK,-21.2078,-159.775,75.25,94,100,4.61,heavy intensity rain
226,Bogo,CM,10.7336,14.6093,72.73,21,0,8.48,clear sky
227,Xam Nua,LA,20.4197,104.0439,57.99,96,99,1.7,overcast clouds
228,Moville,IE,55.1833,-7.05,43.61,100,75,6.91,broken clouds
229,Kysyl-Syr,RU,63.8986,122.7617,-20.72,98,100,4.68,overcast clouds
230,Constitucion,MX,23.9912,-104.6749,76.66,21,7,5.01,clear sky
231,Middlebury (village),US,44.0153,-73.1673,30.94,70,0,9.22,clear sky
232,Traralgon,AU,-38.1833,146.5333,57.67,46,17,5.75,few clouds
233,Broome,AU,-17.9667,122.2333,80.55,89,34,0.0,scattered clouds
234,Arraial do Cabo,BR,-22.9661,-42.0278,73.26,94,20,4.61,few clouds
235,Praia,CV,14.9215,-23.5087,73.94,83,20,14.97,few clouds
236,Tiarei,PF,-17.5333,-149.3333,86.02,75,30,6.2,scattered clouds
237,Pundaguitan,PH,6.3711,126.1689,81.01,76,96,3.83,overcast clouds
238,Mitsamiouli,KM,-11.3847,43.2844,80.28,73,12,3.33,few clouds
239,Shemursha,RU,54.8866,47.5189,20.86,79,100,16.55,overcast clouds
240,Aktanysh,RU,55.7216,54.0829,14.88,78,100,12.1,overcast clouds
241,Lüderitz,NA,-26.6481,15.1594,62.87,89,0,14.97,clear sky
242,Woodward,US,36.4337,-99.3904,52.83,46,100,8.05,overcast clouds
243,Dubrovka,RU,53.6907,33.5071,29.52,98,100,5.01,light snow
244,Sioux Lookout,CA,50.1001,-91.917,24.87,86,100,5.75,overcast clouds
245,Sorong,ID,-0.8833,131.25,78.96,83,80,3.49,light rain
246,Vasil'sursk,RU,56.1275,46.0072,22.89,95,100,12.86,light snow
247,Collie,AU,-33.3667,116.15,50.99,82,10,3.38,clear sky
248,College,US,64.8569,-147.8028,12.52,82,100,4.61,light snow
249,Key West,US,24.5557,-81.7826,84.2,67,0,10.36,clear sky
250,Husavik,IS,66.0449,-17.3389,29.48,84,100,5.48,overcast clouds
251,Ostrovnoy,RU,68.0531,39.5131,19.99,87,100,21.63,overcast clouds
252,Bowen,AU,-20.0167,148.2333,80.37,73,100,6.53,overcast clouds
253,Bathsheba,BB,13.2167,-59.5167,77.05,84,20,5.75,few clouds
254,São João da Barra,BR,-21.6403,-41.0511,78.89,90,8,6.91,clear sky
255,Vostok,RU,46.4856,135.8833,5.68,97,99,3.91,overcast clouds
256,Santa Cruz Cabrália,BR,-16.2781,-39.0247,75.43,88,40,8.05,scattered clouds
257,Yoichi,JP,43.2039,140.7703,34.72,73,93,8.61,light snow
258,Koslan,RU,63.4564,48.8989,5.7,95,100,7.29,overcast clouds
259,Tual,ID,-5.6667,132.75,82.4,74,100,5.37,overcast clouds
260,Vilyuysk,RU,63.7553,121.6247,-18.26,99,100,1.36,overcast clouds
261,Asilah,MA,35.465,-6.0348,62.56,87,8,22.35,clear sky
262,Santa Cruz del Norte,CU,23.1539,-81.9236,75.61,75,34,13.15,scattered clouds
263,North Platte,US,41.1239,-100.7654,48.09,40,0,12.66,clear sky
264,San Luis,AR,-33.295,-66.3356,76.66,65,44,17.85,scattered clouds
265,Rosario,AR,-32.9468,-60.6393,93.94,58,100,4.61,light rain
266,Acaraú,BR,-2.8856,-40.12,79.7,80,76,15.41,broken clouds
267,Sur,OM,22.5667,59.5289,75.67,63,0,6.78,clear sky
268,Progreso,MX,21.2833,-89.6667,86.11,71,14,17.2,few clouds
269,Lumby,CA,50.2498,-118.969,31.89,84,51,1.14,broken clouds
270,Yuzhno-Kurilsk,RU,44.0306,145.8556,33.39,59,1,1.88,clear sky
271,Shimoda,JP,34.6667,138.95,54.23,61,100,6.26,overcast clouds
272,Yeppoon,AU,-23.1333,150.7333,80.38,73,36,10.45,scattered clouds
273,Angoche,MZ,-16.2325,39.9086,77.7,88,37,6.22,scattered clouds
274,Port Hardy,CA,50.6996,-127.4199,39.38,81,100,28.77,light rain
275,Karratha,AU,-20.7377,116.8463,84.4,32,2,11.05,clear sky
276,Belyy Yar,RU,53.6039,91.3903,-20.31,83,89,0.0,fog
277,Lorengau,PG,-2.0226,147.2712,83.98,69,98,5.01,overcast clouds
278,Talnakh,RU,69.4865,88.3972,-21.8,97,13,1.83,few clouds
279,Gizo Government Station,SB,-8.103,156.8419,83.84,74,98,9.17,light rain
280,Hobyo,SO,5.3505,48.5268,79.52,73,95,17.0,overcast clouds
281,Boende,CD,-0.2167,20.8667,73.11,82,98,2.42,light rain
282,Ituporanga,BR,-27.4144,-49.6025,71.44,99,62,3.02,broken clouds
283,Otjiwarongo,NA,-20.4637,16.6477,70.23,25,70,9.28,broken clouds
284,Azua,DO,18.4532,-70.7349,79.59,74,3,2.33,clear sky
285,Ponta do Sol,CV,17.1994,-25.0919,73.18,80,4,7.2,clear sky
286,Libertador General San Martín,AR,-23.8064,-64.7876,75.42,90,95,4.54,overcast clouds
287,Oodweyne,SO,9.4092,45.064,64.02,39,25,10.71,scattered clouds
288,Sambava,MG,-14.2667,50.1667,73.76,87,4,9.95,clear sky
289,Pacific Grove,US,36.6177,-121.9166,57.42,91,100,7.0,overcast clouds
290,Peniche,PT,39.3558,-9.3811,58.1,91,71,17.27,broken clouds
291,Inverell,AU,-29.7833,151.1167,74.1,61,29,8.01,scattered clouds
292,Winnemucca,US,40.973,-117.7357,39.25,48,100,4.61,overcast clouds
293,Ordzhonikidze,UA,44.9654,35.3658,51.42,92,55,9.19,broken clouds
294,Catuday,PH,16.2923,119.8062,78.76,75,100,19.44,overcast clouds
295,Arrondissement de Toul,FR,48.6667,5.9167,37.69,94,100,8.05,fog
296,Katherine,AU,-14.4667,132.2667,84.52,65,46,6.91,scattered clouds
297,Saint-Philippe,RE,-21.3585,55.7679,76.59,86,34,9.46,light rain
298,Newala,TZ,-10.9431,39.2787,65.21,95,47,4.45,scattered clouds
299,Carutapera,BR,-1.195,-46.02,78.75,79,23,8.01,few clouds
300,Fairbanks,US,64.8378,-147.7164,12.54,83,100,4.61,light snow
301,Eldama Ravine,KE,0.0516,35.7308,56.12,88,98,1.07,light rain
302,Ankazoabo,MG,-22.2833,44.5167,76.78,63,18,8.68,few clouds
303,Gushikawa,JP,26.3544,127.8686,69.03,88,75,10.36,broken clouds
304,Susanville,US,40.4163,-120.653,35.91,81,100,4.0,overcast clouds
305,Pangnirtung,CA,66.1451,-65.7125,15.8,86,75,9.22,light snow
306,Rivera,UY,-30.9053,-55.5508,87.21,22,1,7.99,clear sky
307,Bowling Green,US,36.9903,-86.4436,56.14,94,100,3.44,mist
308,Camocim,BR,-2.9022,-40.8411,79.84,80,85,14.76,overcast clouds
309,Waingapu,ID,-9.6567,120.2641,80.2,73,100,4.32,overcast clouds
310,Vanimo,PG,-2.6741,141.3028,80.28,83,96,2.73,heavy intensity rain
311,Nikolskoye,RU,59.7035,30.7861,28.29,96,95,5.23,overcast clouds
312,Shache,CN,38.4167,77.2406,21.65,46,34,2.48,scattered clouds
313,Vardø,NO,70.3705,31.1107,26.58,93,100,16.11,light shower snow
314,Minna,NG,9.6139,6.5569,80.31,22,0,14.97,clear sky
315,Port Alberni,CA,49.2413,-124.8028,40.84,94,100,1.01,light rain
316,Los Llanos de Aridane,ES,28.6585,-17.9182,67.12,95,40,3.44,scattered clouds
317,Astoria,US,46.1879,-123.8313,42.85,90,100,12.66,moderate rain
318,Paciran,ID,-6.8767,112.3761,77.52,83,75,6.96,light rain
319,Padang,ID,-0.9492,100.3543,75.69,86,86,2.66,overcast clouds
320,Mahibadhoo,MV,3.7833,72.9667,81.41,78,100,19.42,light rain
321,Erenhot,CN,43.6475,111.9767,7.07,64,0,9.04,clear sky
322,Kodinsk,RU,58.6881,99.1844,9.39,93,100,9.33,light snow
323,Healdsburg,US,38.6105,-122.8692,52.11,84,100,0.0,overcast clouds
324,Tazovsky,RU,67.4667,78.7,-2.6,95,100,12.44,overcast clouds
325,Buraidah,SA,26.326,43.975,57.65,54,86,9.37,overcast clouds
326,Terra Santa,BR,-2.1042,-56.4869,82.26,57,44,2.86,scattered clouds
327,Belaya Gora,RU,68.5333,146.4167,-43.26,99,93,5.99,overcast clouds
328,Makkah al Mukarramah,SA,21.4267,39.8261,73.31,70,0,5.32,clear sky
329,Anchorage,US,61.2181,-149.9003,17.65,59,0,6.91,clear sky
330,Katsuura,JP,35.1333,140.3,52.14,73,99,5.3,overcast clouds
331,Torbat-e Jām,IR,35.244,60.6225,27.73,67,3,4.83,clear sky
332,Hay River,CA,60.8156,-115.7999,-2.22,78,75,8.05,broken clouds
333,Nagato,JP,34.3833,131.2,50.52,70,23,6.91,few clouds
334,Kahului,US,20.8947,-156.47,80.62,60,40,21.85,scattered clouds
335,Iki-Burul,RU,45.8208,44.6472,36.41,74,100,15.12,overcast clouds
336,Ola,RU,59.5833,151.2833,-2.94,96,99,6.64,overcast clouds
337,Bijie,CN,27.3125,105.2942,40.5,90,100,3.49,overcast clouds
338,Baykit,RU,61.67,96.37,-2.33,99,100,2.08,overcast clouds
339,Tahe,CN,52.3333,124.7333,-9.29,98,83,3.58,broken clouds
340,Baghdad,IQ,33.3406,44.4009,51.71,100,8,6.91,clear sky
341,Moose Factory,CA,51.2585,-80.6094,-2.22,71,0,5.75,clear sky
342,Puerto Ayacucho,VE,5.6639,-67.6236,77.11,84,97,4.16,overcast clouds
343,Toktogul,KG,41.8708,72.9402,18.93,82,100,2.35,overcast clouds
344,Kaukauna,US,44.278,-88.272,33.76,80,100,9.22,overcast clouds
345,Belinsky,RU,52.9647,43.4165,24.31,87,100,19.28,overcast clouds
346,Anloga,GH,5.7947,0.8973,81.32,81,1,8.39,clear sky
347,Famy,PH,14.4376,121.4482,78.82,92,100,1.43,heavy intensity rain
348,Mbandaka,CD,0.0487,18.2603,72.19,81,34,1.14,scattered clouds
349,Miramar,MX,22.3333,-97.8667,78.94,73,40,11.5,haze
350,Valdivia,CL,-39.8142,-73.2459,68.09,66,98,3.91,overcast clouds
351,São José da Coroa Grande,BR,-8.8978,-35.1478,79.09,81,18,13.8,few clouds
352,Portobelo,PA,9.55,-79.65,77.11,82,13,10.87,few clouds
353,Kayes,ML,14.0,-11.0,83.03,15,0,6.44,clear sky
354,Nālūt,LY,30.3333,10.85,68.29,22,84,11.88,broken clouds
355,Vao,NC,-22.6667,167.4833,78.84,80,0,9.31,light rain
356,Gazojak,TM,41.1875,61.4036,19.99,48,0,12.33,clear sky
357,Iqaluit,CA,63.7506,-68.5145,1.13,78,100,8.05,light snow
358,Hengyang,CN,26.8881,112.615,45.66,79,2,3.47,clear sky
359,Sault Ste. Marie,CA,46.5168,-84.3333,25.09,74,0,4.61,clear sky
360,Karoi,ZW,-16.8099,29.6925,65.8,87,100,2.8,light rain
361,Sobolevo,RU,54.4299,31.8996,25.75,98,100,4.09,light snow
362,Cayenne,GF,4.9333,-52.3333,80.64,78,40,4.61,scattered clouds
363,Roboré,BO,-18.3333,-59.75,89.94,43,55,7.31,broken clouds
364,Middelburg,ZA,-25.7751,29.4648,61.11,72,21,4.05,few clouds
365,Port Lincoln,AU,-34.7333,135.8667,74.3,50,95,13.85,overcast clouds
366,Tezu,IN,27.9167,96.1667,59.22,47,1,3.89,clear sky
367,Marshfield,US,44.6689,-90.1718,31.08,74,100,13.8,overcast clouds
368,Pontian Kecil,MY,1.4801,103.3899,77.02,90,100,8.59,overcast clouds
369,Båtsfjord,NO,70.6345,29.7185,22.93,93,40,16.11,light snow
370,Dwārka,IN,22.2394,68.9678,73.02,52,0,9.28,clear sky
371,Sakaiminato,JP,35.55,133.2333,39.18,100,40,3.44,scattered clouds
372,Westport,IE,53.8,-9.5167,38.82,88,75,4.56,broken clouds
373,Kaeo,NZ,-35.1,173.7833,72.32,86,100,7.65,overcast clouds
374,Minudasht,IR,37.2289,55.3747,44.01,76,18,1.59,few clouds
375,Ballina,IE,54.1167,-9.1667,38.71,95,63,3.94,broken clouds
376,Chlórakas,CY,34.8042,32.4083,56.28,82,20,8.05,few clouds
377,Agadir,MA,30.4202,-9.5982,64.85,85,65,2.71,broken clouds
378,Comodoro Rivadavia,AR,-45.8667,-67.5,66.06,34,75,21.85,broken clouds
379,Charlestown,KN,17.1333,-62.6167,72.91,60,3,6.85,clear sky
380,Lālganj,IN,25.8667,85.1833,55.35,52,3,4.12,clear sky
381,Ndago,TZ,-4.6,34.35,68.43,67,97,2.84,light rain
382,Abonnema,NG,4.7084,6.7931,80.89,81,7,5.1,clear sky
383,Chico,US,39.7285,-121.8375,51.69,76,100,17.27,overcast clouds
384,Iringa,TZ,-7.7667,35.7,65.52,60,20,0.0,few clouds
385,Gamboula,CF,4.1178,15.1393,69.84,63,12,0.25,few clouds
386,Arman',RU,59.7,150.1667,-7.82,95,87,7.63,overcast clouds
387,Salalah,OM,17.0151,54.0924,71.69,56,0,6.91,clear sky
388,Mnogovershinnyy,RU,53.9353,139.9242,-10.3,95,17,3.38,few clouds
389,Petropavlovsk-Kamchatskiy,RU,53.0452,158.6483,1.99,72,20,11.18,few clouds
390,Kununurra,AU,-15.7667,128.7333,85.98,79,90,6.91,overcast clouds
391,Bonthe,SL,7.5264,-12.505,80.37,78,41,6.26,scattered clouds
392,Nanjangūd,IN,12.1197,76.6828,60.89,90,100,5.32,overcast clouds
393,Hūn,LY,29.1268,15.9477,69.28,25,0,6.04,clear sky
394,Pemangkat,ID,1.1667,108.9667,76.37,89,96,6.6,light rain
395,Sinnamary,GF,5.3833,-52.95,77.76,85,100,6.98,overcast clouds
396,Nieuw Amsterdam,SR,5.8833,-55.0833,82.42,74,20,4.61,few clouds
397,Sabang,ID,5.8933,95.3214,80.28,77,100,11.74,overcast clouds
398,Maxixe,MZ,-23.8597,35.3472,74.57,76,29,7.18,scattered clouds
399,Dubrovnik,HR,42.6481,18.0922,62.24,94,75,18.41,broken clouds
400,Yining,CN,29.0361,114.5636,42.31,91,0,1.48,clear sky
401,Slave Lake,CA,55.2834,-114.769,15.78,79,0,4.61,clear sky
402,Teseney,ER,15.11,36.6575,70.18,74,0,9.4,clear sky
403,Dakoro,NE,14.5106,6.765,66.74,14,3,11.7,clear sky
404,Luanda,AO,-8.8368,13.2343,77.63,83,93,5.1,overcast clouds
405,Loandjili,CG,-4.7561,11.8578,76.59,89,92,1.21,light rain
406,Bella Union,UY,-30.2752,-57.6007,93.61,17,23,6.89,few clouds
407,Meulaboh,ID,4.1363,96.1285,75.7,83,100,4.56,overcast clouds
408,Concepción del Oro,MX,24.6333,-101.4167,66.47,26,6,9.37,clear sky
409,Tartagal,AR,-22.5164,-63.8013,78.73,60,63,10.27,broken clouds
410,Puerto Escondido,MX,15.85,-97.0667,85.03,65,20,2.3,few clouds
411,Chapais,CA,49.7834,-74.8492,-2.42,99,8,3.89,clear sky
412,Grand Gaube,MU,-20.0064,57.6608,77.4,78,60,3.0,broken clouds
413,Cody,US,44.5263,-109.0565,37.62,42,0,9.22,clear sky
414,Olinda,BR,-8.0089,-34.8553,80.33,74,40,8.05,scattered clouds
415,Somerset,US,40.5668,-74.5496,43.84,58,0,3.44,clear sky
416,Kabalo,CD,-6.05,26.9167,66.63,98,97,0.56,overcast clouds
417,Atambua,ID,-9.1061,124.8925,77.99,74,100,0.63,overcast clouds
418,Port Hedland,AU,-20.3167,118.5667,78.85,57,1,5.75,clear sky
419,Aguçadoura,PT,41.4318,-8.7804,54.32,86,10,8.57,clear sky
420,Ust'-Barguzin,RU,53.45,108.9833,19.15,68,100,11.25,overcast clouds
421,Taoudenni,ML,22.6783,-3.9836,77.68,15,26,7.96,scattered clouds
422,Iranshahr,IR,27.2025,60.6848,60.76,41,86,4.29,overcast clouds
423,Gadung,PH,6.8025,124.02,78.76,79,85,3.2,overcast clouds
424,Boa Vista,BR,2.8197,-60.6733,84.18,65,40,3.44,scattered clouds
425,Ajdabiya,LY,30.7554,20.2263,64.72,52,0,7.38,clear sky
426,Ambilobe,MG,-13.2,49.05,74.17,90,5,1.32,clear sky
427,Las Tunas,CU,20.9617,-76.9511,72.99,76,2,10.38,clear sky
428,Klaksvík,FO,62.2266,-6.589,38.32,71,100,29.68,light rain
429,Nampula,MZ,-15.1165,39.2666,75.15,78,75,4.61,broken clouds
430,Moss Vale,AU,-34.55,150.3833,60.15,46,7,3.24,clear sky
431,Aquiraz,BR,-3.9014,-38.3911,81.18,80,10,11.5,clear sky
432,Khāsh,IR,28.2211,61.2158,41.29,69,68,5.95,broken clouds
433,Golpāyegān,IR,33.4537,50.2884,35.71,86,99,3.33,overcast clouds
434,Emba,KZ,48.8264,58.1442,0.45,94,5,1.21,clear sky
435,Araouane,ML,18.9048,-3.5265,73.0,12,0,7.45,clear sky
436,Yantal',RU,56.8471,105.2542,12.4,91,100,12.77,overcast clouds
437,Mhlume,SZ,-26.0333,31.85,79.83,94,8,2.17,clear sky
438,Keti Bandar,PK,24.1447,67.4497,73.4,69,0,7.58,clear sky
439,Krasnyy Profintern,RU,57.7446,40.435,21.22,97,100,4.9,overcast clouds
440,Luís Correia,BR,-2.8792,-41.6669,84.2,74,0,20.71,clear sky
441,Ishigaki,JP,24.3448,124.1572,71.73,88,75,19.57,broken clouds
442,Gao,ML,16.6362,1.637,69.31,13,0,11.54,clear sky
443,Raahe,FI,64.6833,24.4833,19.49,95,99,11.92,overcast clouds
444,Badou,TG,7.5833,0.6,76.95,61,35,2.44,scattered clouds
445,Vestmannaeyjar,IS,63.4427,-20.2734,34.72,57,0,6.58,clear sky
446,Camaçari,BR,-12.6975,-38.3242,80.37,86,100,9.62,overcast clouds
447,Keshabpur,BD,22.9183,89.2112,62.92,64,93,5.91,overcast clouds
448,Pisco,PE,-13.7,-76.2167,71.65,78,0,17.27,clear sky
449,Sept-Îles,CA,50.2001,-66.3821,14.52,65,20,8.05,few clouds
450,Dengzhou,CN,37.8086,120.7508,41.27,66,100,4.14,overcast clouds
451,Altamont,US,42.2068,-121.7372,34.39,87,100,5.99,snow
452,Port Shepstone,ZA,-30.7414,30.455,73.24,91,81,17.22,broken clouds
453,Goedereede,NL,51.8175,3.9806,33.98,93,32,6.64,scattered clouds
454,Ocampo,MX,21.65,-101.5,66.76,26,2,9.55,clear sky
455,Truth or Consequences,US,33.1284,-107.2528,59.92,38,0,3.44,clear sky
456,Maceió,BR,-9.6658,-35.7353,78.24,88,0,10.36,clear sky
457,Chipinge,ZW,-20.1883,32.6236,61.32,91,18,4.47,few clouds
458,Port Keats,AU,-14.25,129.55,86.63,70,100,5.7,overcast clouds
459,Hearst,CA,49.6835,-83.6665,10.65,92,17,6.2,few clouds
460,Xichang,CN,27.8964,102.2634,41.16,78,0,1.43,clear sky
461,Amapá,BR,1.0,-52.0,76.68,66,88,3.2,overcast clouds
462,Izhmorskiy,RU,56.194,86.6414,3.18,82,100,17.63,overcast clouds
463,Zunyi,CN,27.6867,106.9072,45.48,82,100,1.48,overcast clouds
464,Sarakhs,IR,36.5449,61.1577,29.08,44,10,3.53,clear sky
465,Karia,GR,38.2073,21.7893,59.99,88,89,1.36,overcast clouds
466,Vila Franca do Campo,PT,37.7167,-25.4333,62.2,92,100,24.18,light rain
467,Maracaju,BR,-21.6144,-55.1683,84.49,56,69,3.85,light rain
468,Inuvik,CA,68.3499,-133.7218,-11.99,67,100,4.61,overcast clouds
469,Berlevåg,NO,70.8578,29.0864,22.95,80,95,8.05,overcast clouds
470,Prince Rupert,CA,54.3161,-130.3201,35.29,98,100,18.41,snow
471,Pedernales,DO,18.0384,-71.744,75.4,72,2,1.57,clear sky
472,Hervey Bay,AU,-25.2986,152.8535,72.41,77,83,13.8,broken clouds
473,Zabol,IR,31.0287,61.5012,43.75,53,20,21.03,few clouds
474,Pochutla,MX,15.7432,-96.4661,84.81,59,1,5.26,clear sky
475,Rosita,NI,13.9268,-84.4032,72.1,98,28,3.09,scattered clouds
476,Emilio Carranza,MX,19.9711,-96.6114,75.34,78,3,4.0,clear sky
477,Weinan,CN,34.5036,109.5089,39.74,32,95,7.78,overcast clouds
478,Shihezi,CN,44.3,86.0333,16.5,95,100,2.71,light snow
479,Merowe,SD,18.4833,31.8167,65.95,20,5,11.3,clear sky
480,Polovinnoye,RU,54.7914,65.9864,9.19,72,59,13.89,broken clouds
481,Leningradskiy,RU,69.3833,178.4167,-6.5,90,100,1.5,overcast clouds
482,Gumdag,TM,39.2061,54.5906,29.17,41,11,25.37,few clouds
483,Khiv,RU,41.7543,47.9306,31.39,70,11,3.94,few clouds
484,Uryupinsk,RU,50.8047,42.0138,27.61,89,98,17.87,overcast clouds
485,Mackenzie,CA,55.2999,-123.1698,25.02,68,0,8.05,clear sky
486,Pascagoula,US,30.3658,-88.5561,73.45,80,0,0.0,clear sky
487,Severo-Yeniseyskiy,RU,60.3725,93.0408,1.65,93,100,10.27,overcast clouds
488,Piaçabuçu,BR,-10.4056,-36.4344,78.42,84,100,16.53,overcast clouds
489,Camacha,PT,33.0833,-16.3333,63.82,72,40,10.36,scattered clouds
490,Manacapuru,BR,-3.2997,-60.6206,82.78,64,67,1.92,broken clouds
491,Palmer,US,42.1584,-72.3287,39.24,33,0,10.36,clear sky
492,Basco,PH,20.4487,121.9702,78.66,74,84,24.47,broken clouds
493,Labuhan,ID,-6.8844,112.2051,77.13,83,56,7.25,light rain
494,Mujiayingzi,CN,42.1167,118.7833,14.74,49,59,7.52,broken clouds
495,Guane,CU,22.2025,-84.0875,73.9,71,4,5.19,clear sky
496,Caxito,AO,-8.5785,13.6643,77.16,86,100,0.49,overcast clouds
497,Snezhnogorsk,RU,69.1933,33.2531,15.58,79,62,14.05,broken clouds
498,Beringovskiy,RU,63.05,179.3167,19.09,79,100,5.86,overcast clouds
499,Lakota,CI,5.8528,-5.6883,71.91,95,4,2.46,clear sky
500,Rybinsk,RU,58.0446,38.8426,16.36,98,100,4.45,overcast clouds
501,Port Blair,IN,11.6667,92.75,79.09,80,68,5.44,broken clouds
502,Kingsville,US,27.5159,-97.8561,81.01,79,40,13.8,scattered clouds
503,Popondetta,PG,-8.7537,148.2534,78.51,86,100,2.35,overcast clouds
504,Athabasca,CA,54.7169,-113.2854,14.41,90,62,4.23,broken clouds
505,Saint John,CA,45.2727,-66.0677,37.4,86,100,24.16,overcast clouds
506,Belmonte,BR,-15.8631,-38.8828,77.85,88,96,10.65,overcast clouds
507,Inhambane,MZ,-23.865,35.3833,75.63,74,32,8.57,scattered clouds
508,Linqiong,CN,30.4159,103.4609,48.02,69,98,3.62,overcast clouds
509,Yerbogachën,RU,61.2767,108.0108,-3.95,96,100,8.14,overcast clouds
510,Poum,NC,-20.2333,164.0167,81.21,75,1,6.73,clear sky
511,Sainte-Rose,RE,-21.1298,55.7963,77.0,86,29,6.89,light rain
512,Islamkot,PK,24.6997,70.177,65.08,28,0,5.57,clear sky
513,Talcahuano,CL,-36.7167,-73.1167,67.68,77,0,11.5,clear sky
514,Stantsionno-Oyashinskiy,RU,55.4664,83.8245,1.09,87,100,16.44,overcast clouds
515,Harper,LR,4.375,-7.7169,79.0,83,6,7.4,clear sky
516,Balloch,GB,56.0,-4.5833,33.24,87,12,1.14,few clouds
517,Saint-Augustin,CA,51.226,-58.6502,32.63,96,100,5.91,overcast clouds
518,Rūdbār,AF,30.15,62.6,43.84,46,8,6.15,clear sky
519,Ubari,LY,26.5921,12.7805,69.22,23,0,7.87,clear sky
520,Emet,TR,39.343,29.2585,45.27,75,65,6.13,broken clouds
521,Biak,ID,-0.9131,122.8766,76.82,83,100,6.2,overcast clouds
522,Omboué,GA,-1.5746,9.2618,78.22,86,86,6.33,light rain
523,Ancud,CL,-41.8697,-73.8203,58.12,79,49,7.96,scattered clouds
524,Beckley,US,37.7782,-81.1882,49.68,95,100,11.5,overcast clouds
525,Okhotsk,RU,59.3833,143.3,-23.82,84,82,10.09,broken clouds
526,Santa Rosa,AR,-36.6167,-64.2833,87.06,17,4,15.73,clear sky
527,Farmington,US,36.7281,-108.2187,49.15,34,0,5.01,clear sky
528,Saint George,BM,32.3817,-64.6781,65.98,66,75,17.27,broken clouds
529,Soyo,AO,-6.1349,12.3689,78.24,88,95,4.61,overcast clouds
530,Krasnystaw,PL,50.9846,23.1742,32.2,99,100,13.53,snow
531,Filingué,NE,14.3521,3.3168,72.79,16,0,9.64,clear sky
532,Diriamba,NI,11.8584,-86.2388,79.88,76,1,9.53,clear sky
533,Bāniyās,SY,35.1819,35.9487,52.09,63,35,4.59,scattered clouds
534,Igra,RU,57.5558,53.0547,16.09,94,100,9.24,snow
535,Longyan,CN,25.1072,117.0225,52.03,94,33,2.89,scattered clouds
536,Filadelfia,CO,5.2961,-75.5612,72.52,97,75,1.45,broken clouds
537,Kidal,ML,18.4411,1.4078,70.23,15,0,7.65,clear sky
538,Puerto Carreño,CO,6.189,-67.4859,85.98,62,20,8.05,few clouds
539,Tagusao,PH,9.1924,117.8141,78.94,83,97,4.83,overcast clouds
540,Turiaçu,BR,-1.6633,-45.3717,77.23,83,57,5.14,broken clouds
541,São Lourenço do Sul,BR,-31.3653,-51.9783,74.43,73,1,12.15,clear sky
542,Ust-Nera,RU,64.5667,143.2,-41.64,96,94,1.36,overcast clouds
543,Dukat,RU,62.55,155.55,-20.99,86,84,2.15,broken clouds
544,Lugovoy,RU,58.35,45.5,19.53,96,100,5.53,light snow
545,Qasigiannguit,GL,68.8193,-51.1922,37.65,71,84,8.81,broken clouds
546,Riyadh,SA,24.6877,46.7219,53.74,69,82,7.07,broken clouds
547,Zhangye,CN,38.9342,100.4517,18.64,67,97,2.33,overcast clouds
548,Eirunepé,BR,-6.6603,-69.8736,75.09,94,89,2.71,overcast clouds
549,Almeirim,BR,-1.5233,-52.5817,80.76,63,44,3.94,scattered clouds
550,Cairns,AU,-16.9167,145.7667,86.11,76,100,1.14,overcast clouds
551,Tondano,ID,1.3038,124.9112,66.29,84,46,1.03,scattered clouds
552,Moron,VE,10.4889,-68.2003,94.44,88,46,5.75,scattered clouds
553,Muros,ES,42.7762,-9.0603,51.1,76,47,14.94,scattered clouds
554,Ossora,RU,59.2353,163.0719,13.8,76,100,6.98,overcast clouds
555,Ivankiv,UA,50.9386,29.8943,33.46,100,100,3.31,overcast clouds
556,Florø,NO,61.5996,5.0328,28.36,69,8,8.05,clear sky
557,Elk Point,CA,53.9002,-110.9017,14.54,93,100,4.65,overcast clouds
558,Lazdijai,LT,54.2333,23.5167,29.91,90,100,3.87,overcast clouds
559,Tautira,PF,-17.7333,-149.15,78.78,74,41,5.99,scattered clouds
560,Malinovoye Ozero,RU,51.6753,79.7825,-8.3,96,17,6.8,few clouds
561,Waliso,ET,8.5333,37.9833,59.74,39,84,8.66,broken clouds
562,Ponta Delgada,PT,37.7333,-25.6667,62.51,88,75,21.85,light intensity shower rain
563,Paamiut,GL,61.994,-49.6678,24.26,75,88,13.67,overcast clouds
564,Dalvik,IS,65.9702,-18.5286,31.93,84,99,2.35,overcast clouds
565,Lander,US,42.833,-108.7307,34.61,51,75,12.66,broken clouds
566,Sylva,RU,58.0348,56.7635,11.57,94,100,6.24,light snow
567,Brasília de Minas,BR,-16.2064,-44.4333,69.96,87,45,4.92,light rain
568,Flinders,AU,-34.5833,150.8552,68.18,58,23,4.0,few clouds
569,Muravlenko,RU,63.7898,74.523,-8.66,96,95,16.75,overcast clouds
570,Iskateley,RU,67.6803,53.1512,-8.36,100,52,2.04,broken clouds
571,Vila Velha,BR,-20.3297,-40.2925,80.55,89,75,8.05,broken clouds
572,Zhezkazgan,KZ,47.8043,67.7144,2.39,89,21,4.76,few clouds
573,La Ronge,CA,55.1001,-105.2842,5.25,85,100,3.44,snow
574,Yumen,CN,40.2833,97.2,12.85,65,63,19.66,broken clouds
575,Aloleng,PH,16.1307,119.7824,80.08,76,100,18.01,overcast clouds
576,Kantemirovka,RU,49.7089,39.8592,32.41,91,99,15.84,overcast clouds
577,Qarqīn,AF,37.4185,66.0436,33.49,73,14,4.05,few clouds
578,Den Helder,NL,52.9599,4.7593,33.96,100,100,6.91,fog
579,Bonfim,BR,3.0833,-59.95,80.83,71,92,5.59,overcast clouds
580,Mormugao,IN,15.4,73.8,70.86,83,75,4.61,broken clouds
581,Narsaq,GL,60.9167,-46.05,17.82,72,0,7.2,clear sky
582,Palma de Mallorca,ES,39.5694,2.6502,64.2,88,75,11.5,broken clouds
583,Coari,BR,-4.085,-63.1414,80.08,74,93,1.25,overcast clouds
584,Chute-aux-Outardes,CA,49.1168,-68.399,13.98,67,0,14.97,clear sky
585,São João Batista,BR,-27.2761,-48.8494,76.82,90,44,2.15,scattered clouds
586,Tonantins,BR,-2.8731,-67.8022,74.21,96,69,2.24,broken clouds
587,Conakry,GN,9.538,-13.6773,81.61,79,9,8.03,clear sky
588,Măneciu-Ungureni,RO,45.3167,25.9833,45.27,79,100,2.75,overcast clouds
589,Fare,PF,-16.7,-151.0167,80.11,73,34,8.21,scattered clouds
590,Sørland,NO,67.667,12.6934,35.46,54,8,18.1,clear sky
591,Bako,ET,5.7833,36.5667,63.14,80,62,3.74,light rain
592,Lerwick,GB,60.1545,-1.1494,39.2,67,94,11.25,light rain
593,Valle Nacional,MX,17.7833,-96.3167,76.95,73,33,2.84,scattered clouds
594,Sagara,JP,34.6833,138.2,44.98,57,100,7.09,overcast clouds
595,Porangatu,BR,-13.4408,-49.1486,71.94,96,100,5.39,overcast clouds
596,Panama City,US,30.1595,-85.6598,69.78,91,0,9.22,clear sky
597,Castelbuono,IT,37.932,14.0886,63.61,67,97,12.82,overcast clouds
598,Stornoway,GB,58.2093,-6.3865,37.36,89,75,11.5,broken clouds
599,Kristinehamn,SE,59.3098,14.1081,19.96,92,69,6.42,broken clouds
600,Maniitsoq,GL,65.4167,-52.9,34.93,71,100,24.52,overcast clouds
601,Itapirapuã,BR,-15.8233,-50.6133,71.85,91,95,5.61,overcast clouds
602,Provincia di Rimini,IT,44.0241,12.5186,43.84,96,90,5.01,heavy intensity rain
603,Murray Bridge,AU,-35.1167,139.2667,75.13,28,88,16.44,overcast clouds
604,Lampa,CL,-33.2833,-70.9,81.43,36,0,19.57,clear sky
605,Tazmalt,DZ,36.3868,4.3989,59.68,78,100,8.63,overcast clouds
606,Lavrentiya,RU,65.5833,-171.0,15.98,98,87,6.22,overcast clouds
607,Gornopravdinsk,RU,60.05,69.9,-10.86,96,97,2.84,overcast clouds
608,Mangochi,MW,-14.4782,35.2645,71.06,85,43,3.74,light rain
609,Port-Gentil,GA,-0.7193,8.7815,82.36,83,40,10.36,thunderstorm
610,Dongying,CN,37.4564,118.4856,36.63,63,22,12.12,few clouds
611,Paita,PE,-5.0892,-81.1144,68.47,78,81,15.66,broken clouds
612,Nelson Bay,AU,-32.7167,152.15,67.1,67,100,5.99,overcast clouds
613,Miracema do Tocantins,BR,-9.5618,-48.3967,72.73,92,97,1.1,overcast clouds
614,Dapaong,TG,10.8639,0.205,76.24,18,0,6.98,clear sky
615,Teya,RU,60.3778,92.6267,5.2,92,100,9.53,overcast clouds
616,Guiglo,CI,6.5456,-7.4966,72.1,93,50,2.84,scattered clouds
617,Sola,VU,-13.8833,167.55,86.67,70,99,8.01,overcast clouds
618,Brønnøysund,NO,65.4625,12.1997,30.2,59,0,15.01,clear sky
619,Alta Floresta,BR,-9.8756,-56.0861,72.1,94,88,2.82,overcast clouds
620,Utete,TZ,-7.986,38.758,71.73,96,0,1.43,clear sky
621,Antalaha,MG,-14.9003,50.2788,72.23,90,9,6.55,light rain
622,Maneromango,TZ,-7.1988,38.7848,68.09,98,2,0.25,light rain
623,Unecha,RU,52.8459,32.6739,32.63,100,100,4.92,light snow
624,Horsens,DK,55.8607,9.8503,34.77,92,100,5.86,overcast clouds
625,Agadez,NE,19.75,10.25,66.18,17,0,5.14,clear sky
626,Mackay,AU,-21.15,149.2,83.68,73,97,8.08,overcast clouds
627,Örnsköldsvik,SE,63.2909,18.7153,22.15,100,100,10.36,light snow
628,Santa Luzia,BR,-19.7697,-43.8514,83.3,56,20,11.5,few clouds
629,Kattivākkam,IN,13.2167,80.3167,77.09,90,91,31.74,moderate rain
630,Toamasina,MG,-18.1667,49.3833,73.4,94,40,5.75,light rain
631,Maragogi,BR,-9.0122,-35.2225,78.89,81,12,13.27,few clouds
632,Kampot,KH,10.6167,104.1833,78.85,85,100,6.13,overcast clouds
633,Anaconda,US,46.1285,-112.9423,29.39,84,75,5.35,broken clouds
634,Itá,PY,-25.4833,-57.35,97.99,59,50,9.82,scattered clouds
635,Liwale,TZ,-9.7667,37.9333,68.09,93,29,2.04,scattered clouds
636,Buchanan,LR,5.8808,-10.0467,79.09,85,42,9.01,scattered clouds
637,Tromsø,NO,69.6496,18.957,24.82,42,0,13.8,clear sky
638,Almaznyy,RU,48.0448,40.045,33.15,90,100,14.38,light snow
639,Alenquer,BR,-1.9417,-54.7383,81.82,54,8,3.0,clear sky
640,Nemuro,JP,43.3236,145.575,34.61,56,30,6.42,scattered clouds
641,Strezhevoy,RU,60.7333,77.5889,-24.68,97,12,8.77,few clouds
642,Margate,ZA,-30.8636,30.3705,72.95,93,81,16.51,broken clouds
643,Klyuchi,RU,52.2667,79.1667,-6.59,92,9,9.55,clear sky
644,Pacifica,US,37.6138,-122.4869,56.41,70,100,5.75,haze
645,Hambantota,LK,6.1241,81.1185,76.19,87,100,11.74,moderate rain
646,Haines Junction,CA,60.7522,-137.5108,15.75,57,99,3.44,overcast clouds
647,Shenjiamen,CN,29.9576,122.298,54.86,91,100,11.9,overcast clouds
648,Todos Santos,MX,23.45,-110.2167,78.44,71,5,17.63,clear sky
649,Kusa,RU,55.3383,59.4406,10.58,68,100,7.18,overcast clouds
650,Bandarbeyla,SO,9.4942,50.8122,75.87,69,100,18.75,overcast clouds
651,Jaguarão,BR,-32.5661,-53.3758,79.56,55,19,15.32,few clouds
652,Kuah,MY,6.3265,99.8432,77.0,94,20,0.0,few clouds
653,Christchurch,NZ,-43.5333,172.6333,76.32,43,100,9.22,overcast clouds
654,Ruza,RU,55.699,36.1952,18.68,99,100,2.82,overcast clouds
655,Mayumba,GA,-3.432,10.6554,77.38,88,100,4.23,overcast clouds
656,Aksaray,TR,38.3726,34.0254,42.44,78,65,1.7,broken clouds
657,Lensk,RU,60.7253,114.9278,0.14,93,100,11.9,overcast clouds
658,Cam Ranh,VN,11.9214,109.1591,75.16,73,20,8.05,few clouds
659,Pitsunda,GE,43.1592,40.3378,51.98,70,87,5.12,light rain
660,Mao,TD,14.1212,15.3103,67.98,11,0,11.74,clear sky
661,Takoradze,GH,4.8845,-1.7554,80.11,82,1,7.74,clear sky
